,Overall rank,country,Score,GDP per capita,Social support,Healthy life expectancy,Freedom to make life choices,Generosity,Perceptions of corruption,Internet Users,Population,Population Rank,Percentage,Internet Rank,percentage_non_religious
0,2,Norway,7.594,1.456,1.582,0.861,0.686,0.286,0.34,"5,120,225","5,305,383",81,96.51%,11,6.7
1,3,Denmark,7.555,1.351,1.59,0.868,0.683,0.284,0.408,"5,567,278","5,733,551",79,97.10%,9,6.9
2,4,Iceland,7.495,1.343,1.644,0.914,0.677,0.353,0.138,"329,196","335,025",164,98.26%,3,10.04
3,5,Switzerland,7.487,1.42,1.549,0.927,0.66,0.256,0.357,"7,942,864","8,476,005",57,93.71%,19,15.4
4,6,Netherlands,7.441,1.361,1.488,0.878,0.638,0.333,0.295,"15,877,494","17,035,938",41,93.20%,20,59.0
5,7,Canada,7.328,1.33,1.532,0.896,0.653,0.321,0.291,"33,950,632","36,624,199",22,92.70%,22,25.5
6,8,New Zealand,7.324,1.268,1.601,0.876,0.669,0.365,0.389,"4,273,353","4,705,818",91,90.81%,24,34.6
7,9,Sweden,7.314,1.355,1.501,0.913,0.659,0.285,0.383,"9,554,907","9,910,701",51,96.41%,12,31.5
8,10,Australia,7.272,1.34,1.573,0.91,0.647,0.361,0.302,"21,159,515","24,450,561",34,86.54%,31,19.0
9,11,United Kingdom,7.19,1.244,1.433,0.888,0.464,0.262,0.082,"62,621,016","66,181,585",11,94.62%,18,33.75
10,12,Austria,7.139,1.341,1.504,0.891,0.617,0.242,0.224,"7,681,957","8,735,453",60,87.94%,27,30.2
11,13,Costa Rica,7.072,1.01,1.459,0.817,0.632,0.143,0.101,"3,511,549","4,905,769",98,71.58%,74,6.2
12,14,Ireland,6.977,1.448,1.583,0.876,0.614,0.307,0.306,"4,024,552","4,761,657",96,84.52%,34,6.3
13,15,Germany,6.965,1.34,1.474,0.861,0.586,0.273,0.28,"69,304,405","82,114,224",9,84.40%,36,40.0
14,16,Belgium,6.927,1.324,1.483,0.894,0.583,0.188,0.24,"10,021,242","11,429,336",50,87.68%,28,42.5
15,19,Israel,6.814,1.301,1.559,0.883,0.533,0.354,0.272,"6,788,737","8,321,570",69,81.58%,43,3.4
16,20,United Arab Emirates,6.774,2.096,0.776,0.67,0.284,0.186,,"8,913,217","9,400,145",54,94.82%,17,0.0
17,21,Czech Republic,6.711,1.233,1.489,0.854,0.543,0.064,0.034,"8,358,728","10,618,303",56,78.72%,56,67.8
18,23,France,6.489,1.293,1.466,0.908,0.52,0.098,0.176,"52,308,536","64,979,548",13,80.50%,50,47.5
19,24,Mexico,6.488,1.038,1.252,0.761,0.479,0.069,0.095,"82,470,752","129,163,276",8,63.85%,92,10.64
20,25,Chile,6.476,1.131,1.331,0.808,0.431,0.197,0.061,"14,864,456","18,054,726",43,82.33%,38,8.3
21,26,Taiwan,6.441,1.365,1.436,0.857,0.418,0.151,0.078,"21,920,626","23,626,456",33,92.78%,21,0.0
22,27,Panama,6.43,1.112,1.438,0.759,0.597,0.125,0.063,"2,371,852","4,098,587",110,57.87%,106,2.0
23,28,Brazil,6.419,0.986,1.474,0.675,0.493,0.11,0.088,"141,206,801","209,288,278",4,67.47%,83,7.6
24,29,Argentina,6.388,1.073,1.468,0.744,0.57,0.062,0.054,"33,561,876","44,271,041",23,75.81%,67,1.19
25,30,Guatemala,6.382,0.781,1.268,0.608,0.604,0.179,0.071,"6,883,796","16,913,503",68,40.70%,137,1.9
26,31,Uruguay,6.379,1.093,1.459,0.771,0.625,0.13,0.155,"2,360,269","3,456,750",112,68.28%,82,17.0
27,33,Saudi Arabia,6.371,1.379,1.331,0.633,0.509,0.098,0.127,"27,048,861","32,938,213",29,82.12%,39,0.0
28,34,Singapore,6.343,1.529,1.451,1.008,0.631,0.261,0.457,"4,821,119","5,708,844",84,84.45%,35,13.0
29,35,Malaysia,6.322,1.161,1.258,0.669,0.356,0.311,0.059,"25,343,685","31,624,264",30,80.14%,52,0.8
30,36,Spain,6.31,1.251,1.538,0.965,0.449,0.142,0.074,"39,215,756","46,354,321",19,84.60%,33,30.0
31,37,Colombia,6.26,0.96,1.439,0.635,0.531,0.099,0.039,"30,548,252","49,065,615",26,62.26%,96,2.0
32,39,Slovakia,6.173,1.21,1.537,0.776,0.354,0.118,0.014,"4,446,926","5,447,662",90,81.63%,42,15.8
33,40,El Salvador,6.167,0.806,1.231,0.639,0.461,0.065,0.082,"1,993,079","6,377,853",119,31.25%,152,1.0
34,41,Nicaragua,6.141,0.668,1.319,0.7,0.527,0.208,0.128,"1,732,218","6,217,581",122,27.86%,159,2.0
35,42,Poland,6.123,1.176,1.448,0.781,0.546,0.108,0.064,"29,005,924","38,170,712",28,75.99%,66,3.0
36,43,Bahrain,6.105,1.338,1.366,0.698,0.594,0.243,0.123,"1,431,090","1,492,584",128,95.88%,14,0.0
37,44,Uzbekistan,6.096,0.719,1.584,0.605,0.724,0.328,0.259,"16,692,456","31,910,641",39,52.31%,118,1.2
38,45,Kuwait,6.083,1.474,1.301,0.675,0.554,0.167,0.106,"4,053,797","4,136,528",95,98.00%,5,0.07
39,46,Thailand,6.072,1.016,1.417,0.707,0.637,0.364,0.029,"36,513,941","69,037,513",20,52.89%,117,0.0
40,47,Italy,6.0,1.264,1.501,0.946,0.281,0.137,0.028,"36,387,619","59,359,900",21,61.30%,98,20.5
41,48,Ecuador,5.973,0.889,1.33,0.736,0.556,0.114,0.12,"9,521,056","16,624,858",52,57.27%,107,1.5
42,50,Lithuania,5.952,1.197,1.527,0.716,0.35,0.026,0.006,"2,243,448","2,890,297",115,77.62%,58,9.5
43,51,Slovenia,5.948,1.219,1.506,0.856,0.633,0.16,0.051,"1,640,893","2,079,976",123,78.89%,55,30.0
44,52,Romania,5.945,1.116,1.219,0.726,0.528,0.088,0.001,"12,545,558","19,679,306",45,63.75%,93,0.1
45,53,Latvia,5.933,1.148,1.454,0.671,0.363,0.092,0.066,"1,585,471","1,949,670",125,81.32%,45,24.5
46,54,Japan,5.915,1.294,1.462,0.988,0.553,0.079,0.15,"115,845,120","127,484,450",5,90.87%,23,77.0
47,55,Mauritius,5.891,1.09,1.387,0.684,0.584,0.245,0.05,"702,911","1,265,138",146,55.56%,113,0.7
48,56,Jamaica,5.89,0.819,1.493,0.693,0.575,0.096,0.031,"1,409,888","2,890,299",129,48.78%,127,3.0
49,57,South Korea,5.875,1.266,1.204,0.955,0.244,0.175,0.051,"48,484,084","50,982,212",16,95.10%,15,52.0
50,59,Russia,5.81,1.151,1.479,0.599,0.399,0.065,0.025,"109,446,612","143,989,754",6,76.01%,64,32.0
51,60,Kazakhstan,5.79,1.143,1.516,0.631,0.454,0.148,0.121,"13,913,699","18,204,499",44,76.43%,61,5.0
52,61,Cyprus,5.762,1.229,1.191,0.909,0.423,0.202,0.035,"952,369","1,179,551",140,80.74%,47,1.3
53,62,Bolivia,5.752,0.751,1.223,0.508,0.606,0.141,0.054,"4,843,916","11,051,600",82,43.83%,134,2.0
54,63,Estonia,5.739,1.2,1.532,0.737,0.553,0.086,0.174,"1,153,786","1,309,632",133,88.10%,26,60.0
55,64,Paraguay,5.681,0.835,1.522,0.615,0.541,0.162,0.074,"4,160,340","6,811,297",93,61.08%,99,3.25
56,65,Peru,5.663,0.934,1.249,0.674,0.53,0.092,0.034,"15,674,241","32,165,485",42,48.73%,128,2.0
57,67,Moldova,5.64,0.657,1.301,0.62,0.232,0.171,0.0,"3,083,783","4,051,212",100,76.12%,63,0.1
58,68,Turkmenistan,5.636,1.016,1.533,0.517,0.417,0.199,0.037,"1,223,591","5,758,075",132,21.25%,175,1.7
59,69,Hungary,5.62,1.171,1.401,0.732,0.259,0.061,0.022,"7,461,297","9,721,559",63,76.75%,60,24.7
60,70,Libya,5.566,0.985,1.35,0.553,0.496,0.116,0.148,"1,387,116","6,374,616",130,21.76%,173,0.2
61,71,Philippines,5.524,0.775,1.312,0.513,0.643,0.12,0.105,"63,003,313","104,918,090",10,60.05%,103,0.1
62,72,Honduras,5.504,0.62,1.205,0.622,0.459,0.197,0.074,"2,977,793","9,265,067",102,32.14%,151,1.1
63,73,Belarus,5.483,1.039,1.498,0.7,0.307,0.101,0.154,"7,048,231","9,468,338",65,74.44%,69,0.0
64,74,Turkey,5.483,1.148,1.38,0.686,0.324,0.106,0.109,"52,225,879","80,745,020",14,64.68%,89,0.0
65,75,Pakistan,5.472,0.652,0.81,0.424,0.334,0.216,0.113,"61,837,331","220,800,300",25,30.68%,184,0.2
66,77,Portugal,5.41,1.188,1.429,0.884,0.562,0.055,0.017,"7,622,142","10,329,506",61,73.79%,70,8.38
67,78,Serbia,5.398,0.975,1.369,0.685,0.288,0.134,0.043,"6,182,411","8,790,574",75,70.33%,76,5.0
68,79,Greece,5.358,1.154,1.202,0.879,0.131,0.0,0.044,"7,799,565","11,159,773",58,69.89%,77,0.0
69,80,Lebanon,5.358,0.965,1.179,0.785,0.503,0.214,0.136,"4,755,187","6,082,357",86,78.18%,57,0.0
70,81,Montenegro,5.347,1.017,1.279,0.729,0.259,0.111,0.081,"448,260","628,960",154,71.27%,75,4.25
71,82,Croatia,5.321,1.115,1.161,0.737,0.38,0.12,0.039,"2,811,056","4,189,353",103,67.10%,84,3.6
72,83,Dominican Republic,5.302,0.982,1.441,0.614,0.578,0.12,0.106,"6,997,472","10,766,998",67,64.99%,88,6.55
73,84,Algeria,5.295,0.979,1.154,0.687,0.077,0.055,0.135,"19,704,622","41,318,142",36,47.69%,130,0.0
74,85,Morocco,5.254,0.779,0.797,0.669,0.46,0.026,0.074,"22,072,765","35,739,580",32,61.76%,97,0.0
75,86,China,5.246,0.989,1.142,0.799,0.597,0.029,0.103,"765,367,947","1,409,517,397",1,54.30%,116,50.0
76,87,Azerbaijan,5.201,1.024,1.161,0.603,0.43,0.031,0.176,"7,763,795","9,827,589",59,79.00%,54,0.0
77,88,Tajikistan,5.199,0.474,1.166,0.598,0.292,0.187,0.034,"1,959,127","8,921,343",120,21.96%,171,0.1
78,90,Jordan,5.161,0.822,1.265,0.645,0.468,0.13,0.134,"6,480,202","9,702,353",71,66.79%,85,0.0
79,91,Nigeria,5.155,0.689,1.172,0.048,0.462,0.201,0.032,"30,557,175","190,015,955",12,27.51%,161,0.0
80,94,Mongolia,5.125,0.914,1.517,0.575,0.395,0.253,0.032,"729,236","3,075,647",145,23.71%,169,38.6
81,96,Indonesia,5.093,0.899,1.215,0.522,0.538,0.484,0.018,"85,242,816","263,991,379",7,32.29%,150,0.0
82,97,Bhutan,5.082,0.796,1.335,0.527,0.541,0.364,0.171,"388,541","807,610",158,48.11%,129,0.0
83,98,Somalia,4.982,0.0,0.712,0.115,0.674,0.238,0.282,"294,851","14,742,523",166,2.00%,208,0.0
84,99,Cameroon,4.975,0.535,0.891,0.182,0.454,0.183,0.043,"5,580,465","24,053,727",78,23.20%,170,0.0
85,100,Bulgaria,4.933,1.054,1.515,0.712,0.359,0.064,0.009,"4,492,326","7,084,571",88,63.41%,94,0.0
86,101,Nepal,4.88,0.425,1.228,0.539,0.526,0.302,0.078,"6,271,270","29,304,998",73,21.40%,174,0.0
87,102,Venezuela,4.806,0.996,1.469,0.657,0.133,0.056,0.052,"20,564,451","31,977,065",35,64.31%,91,0.5
88,103,Gabon,4.758,1.036,1.164,0.404,0.356,0.032,0.052,"1,019,049","2,025,137",135,50.32%,120,5.0
89,105,South Africa,4.724,0.94,1.41,0.33,0.516,0.103,0.056,"31,858,027","56,717,156",24,56.17%,111,1.0
90,106,Iran,4.707,1.059,0.771,0.691,0.459,0.282,0.129,"49,038,556","81,162,788",15,60.42%,101,0.0
91,107,Ivory Coast,4.671,0.541,0.872,0.08,0.467,0.146,0.103,"10,650,818","24,294,750",48,43.84%,133,0.0
92,108,Ghana,4.657,0.592,0.896,0.337,0.499,0.212,0.029,"10,922,179","28,833,629",47,37.88%,140,6.1
93,109,Senegal,4.631,0.429,1.117,0.433,0.406,0.138,0.082,"4,698,108","15,850,567",87,29.64%,158,0.0
94,110,Laos,4.623,0.72,1.034,0.441,0.626,0.23,0.174,"1,749,517","6,858,160",121,25.51%,167,0.25
95,111,Tunisia,4.592,0.9,0.906,0.69,0.271,0.04,0.063,"6,400,330","11,532,127",72,55.50%,114,0.0
96,112,Albania,4.586,0.916,0.817,0.79,0.419,0.149,0.032,"2,105,339","2,930,187",117,71.85%,73,8.5
97,113,Sierra Leone,4.571,0.256,0.813,0.0,0.355,0.238,0.053,"1,000,575","7,557,212",137,13.24%,189,0.0
98,115,Bangladesh,4.5,0.532,0.85,0.579,0.58,0.153,0.144,"30,530,435","164,669,751",27,18.02%,180,0.0
99,116,Sri Lanka,4.471,0.918,1.314,0.672,0.585,0.307,0.05,"7,121,116","20,876,917",64,34.11%,147,0.0
100,117,Iraq,4.456,1.01,0.971,0.536,0.304,0.148,0.095,"18,892,351","38,274,618",38,49.36%,123,0.0
101,118,Mali,4.447,0.37,1.233,0.152,0.367,0.139,0.056,"2,358,540","18,541,980",113,12.72%,190,0.0
102,119,Namibia,4.441,0.874,1.281,0.365,0.519,0.051,0.064,"933,450","2,533,794",142,36.84%,143,0.0
103,120,Cambodia,4.433,0.549,1.088,0.457,0.696,0.256,0.065,"5,441,827","16,005,373",80,34.00%,148,0.4
104,121,Burkina Faso,4.424,0.314,1.097,0.254,0.312,0.175,0.128,"3,047,909","19,193,382",101,15.88%,183,0.0
105,122,Egypt,4.419,0.885,1.025,0.553,0.312,0.092,0.107,"43,850,141","97,553,151",18,44.95%,132,0.0
106,123,Mozambique,4.417,0.198,0.902,0.173,0.531,0.206,0.158,"6,162,217","29,668,834",76,20.77%,177,5.0
107,124,Kenya,4.41,0.493,1.048,0.454,0.504,0.352,0.055,"8,861,485","49,699,862",55,17.83%,181,0.0
108,125,Zambia,4.377,0.562,1.047,0.295,0.503,0.221,0.082,"4,760,715","17,094,130",85,27.85%,160,5.0
109,126,Mauritania,4.356,0.557,1.245,0.292,0.129,0.134,0.093,"919,398","4,420,184",144,20.80%,176,0.1
110,127,Ethiopia,4.35,0.308,0.95,0.391,0.452,0.22,0.146,"19,543,075","104,957,438",37,18.62%,179,0.0
111,128,Georgia,4.34,0.853,0.592,0.643,0.375,0.038,0.215,"2,366,406","3,912,061",111,60.49%,100,0.7
112,129,Armenia,4.321,0.816,0.99,0.666,0.26,0.077,0.028,"2,043,110","2,930,450",118,69.72%,78,0.0
113,130,Myanmar,4.308,0.682,1.174,0.429,0.58,0.598,0.178,"16,374,103","53,370,609",40,30.68%,154,0.0
114,131,Chad,4.301,0.358,0.907,0.053,0.189,0.181,0.06,"968,500","14,899,994",138,6.50%,204,4.8
115,133,India,4.19,0.721,0.747,0.485,0.539,0.172,0.093,"461,347,554","1,339,180,127",2,34.45%,145,0.1
116,134,Niger,4.166,0.131,0.867,0.221,0.39,0.175,0.099,"2,194,985","21,477,348",116,10.22%,197,0.0
117,135,Uganda,4.161,0.322,1.09,0.237,0.45,0.259,0.061,"10,162,807","42,862,958",49,23.71%,168,0.9
118,136,Benin,4.141,0.378,0.372,0.24,0.44,0.163,0.067,"1,578,008","11,175,692",126,14.12%,187,6.5
119,137,Sudan,4.139,0.605,1.24,0.312,0.016,0.134,0.082,"12,512,639","40,533,330",46,30.87%,153,0.0
120,138,Ukraine,4.103,0.793,1.413,0.609,0.163,0.187,0.011,"25,260,147","44,222,947",31,57.12%,109,0.0
121,140,Guinea,3.964,0.344,0.792,0.211,0.394,0.185,0.094,"1,449,758","12,717,176",127,11.40%,195,0.0
122,141,Lesotho,3.808,0.472,1.215,0.079,0.423,0.116,0.112,"665,312","2,233,339",147,29.79%,157,0.0
123,142,Angola,3.795,0.73,1.125,0.269,0.0,0.079,0.061,"4,271,053","29,784,193",92,14.34%,186,0.3
124,143,Madagascar,3.774,0.262,0.908,0.402,0.221,0.155,0.049,"2,505,948","25,570,895",108,9.80%,198,0.4
125,144,Zimbabwe,3.692,0.357,1.094,0.248,0.406,0.132,0.099,"4,472,992","16,529,904",89,27.06%,163,1.1
126,145,Afghanistan,3.632,0.332,0.537,0.255,0.085,0.191,0.036,"4,068,194","35,530,081",94,11.45%,194,0.0
127,146,Botswana,3.59,1.017,1.174,0.417,0.557,0.042,0.092,"948,977","2,291,661",141,41.41%,135,1.0
128,147,Malawi,3.587,0.186,0.541,0.306,0.531,0.21,0.08,"2,566,126","18,622,104",106,13.78%,188,4.3
129,148,Haiti,3.582,0.315,0.714,0.289,0.025,0.392,0.104,"1,353,986","10,981,229",131,12.33%,192,1.0
130,149,Liberia,3.495,0.076,0.858,0.267,0.419,0.206,0.03,"377,607","4,731,906",159,7.98%,203,0.1
131,150,Syria,3.462,0.689,0.382,0.539,0.088,0.376,0.144,"6,257,430","18,269,868",74,34.25%,146,0.0
132,151,Rwanda,3.408,0.332,0.896,0.4,0.636,0.2,0.444,"2,657,770","12,208,407",105,21.77%,172,1.7
133,152,Yemen,3.355,0.442,1.073,0.343,0.244,0.083,0.064,"7,548,512","28,250,420",62,26.72%,164,0.02
134,153,Tanzania,3.303,0.455,0.991,0.381,0.481,0.27,0.097,"9,169,603","57,310,019",53,16.00%,182,0.5
135,155,Central African Republic,3.083,0.024,0.0,0.01,0.305,0.218,0.038,"202,204","4,659,080",173,4.34%,206,0.0
136,156,Burundi,2.905,0.091,0.627,0.145,0.065,0.149,0.076,"607,311","10,864,245",148,5.59%,205,0.0
